"SONG_ID","TITLE","VERSION"
"1","Aerial Skydive","0"
"2","airflow -dreaming of the sky- Game Edition","0"
"3","ALL OK!!","0"
"4","Amabie","0"
"5","Astrogazer","0"
"6","Black Apple","0"
"7","BLAZING_LAZER","0"
"8","Bleep Beep Bop","0"
"9","CALDERA","0"
"10","CARNIVOROUS","0"
"11","CHOCOLATE PHILOSOPHY","0"
"12","Chocolate Planet","0"
"13","Chronoxia","0"
"14","Clione (Ryu☆ Remix)","0"
"15","Cold Moon","0"
"16","concon","0"
"17","Cosy Catastrophe","0"
"18","Cross Fire","0"
"19","CyberConnect","0"
"20","Destiny lovers","0"
"21","DO-IT-AMA-SITE!!!","0"
"22","Dynasty","0"
"23","FAKE STYLE II","0"
"24","FEEDING FRENZY","0"
"25","GHEL NAGARAJA","0"
"26","Gimme a Big Beat","0"
"27","GRAVITON","0"
"28","GROOVE 04","0"
"29","HAPPY☆LUCKY☆YEAPPY","0"
"30","Harmonia","0"
"31","Ha･lle･lu･jah","0"
"32","Hopeful Daybreak!!!","0"
"33","I Want To Do This Keep","0"
"34","Ignited Night","0"
"35","In Your EyEs","0"
"36","Inner Spirit -GIGA HiTECH MIX-","0"
"37","Inside Insight","0"
"38","insist","0"
"39","It’s my Miracle","0"
"40","JET WORLD","0"
"41","Juicy","0"
"42","Lagrangian Point Ø","0"
"43","LIMIT TOPPA REVOLUTION","0"
"44","Lycoris","0"
"45","MANA","0"
"46","Metagame Matador","0"
"47","Note Highway ft. KANASA from bless4","0"
"48","onslaught","0"
"49","Pale Garden","0"
"50","Plea Per Phase","0"
"51","Poppin’ Soda","0"
"52","Programmed Universe","0"
"53","REFLEXES MANIPULATION","0"
"54","Rejection Girl","0"
"55","Remain","0"
"56","Rush!!","0"
"57","Sakura Sunrise","0"
"58","sink into the dream","0"
"59","Space Dog","0"
"60","Spirit of the Beast","0"
"61","squall","0"
"62","STAY GOLD","0"
"63","Stleq","0"
"64","THE ANCIENT KING IS BACK","0"
"65","The setting sun(burst)","0"
"66","Too Late Snow","0"
"67","tricky trick","0"
"68","TSAR BOMBA","0"
"69","uən","0"
"70","Vector","0"
"71","VIVID DEBUT!","0"
"72","Welcome to the Mosh Pit","0"
"73","WILD FIRE","0"
"74","100sec. Kitchen Battle!!","0"
"75","1116","0"
"76","24h Endurance Race","0"
"77","3y3s(Long ver.)","0"
"78","朱と碧のランページ","0"
"79","イグジスター","0"
"80","カラルの月","0"
"81","鬼華-修羅の舞-","0"
"82","キヤロラ衛星の軌跡","0"
"83","檄","0"
"84","月光蝶","0"
"85","恋歌疾風！かるたクイーンいろは","0"
"86","光風霽月","0"
"87","雫","0"
"88","終末を追う者","0"
"89","少年リップルズ","0"
"90","ジオメトリック∮ティーパーティー","0"
"91","情熱タンデムRUNAWAY","0"
"92","隅田川夏恋歌","0"
"93","雪上断火","0"
"94","天泣","0"
"95","多極性ニューロンの崩壊による人間の末路","0"
"96","タンポポ","0"
"97","大見解","0"
"98","ドゥサンコオデッセイ!!","0"
"99","ポチコの幸せな日常","0"
"100","未完成ノ蒸氣驅動乙女","0"
"101","見習い天使と星降りの丘","0"
"102","雷君","0"
"103","♥LOVE² シュガ→♥","0"
"104","リメンバーリメンバー","0"
"105","繚乱ヒットチャート","0"
"106","累乗のカルマ","0"
"107","黎明の情","0"
"108","レインボウ・フレーバー","0"
"109","ロミとロボの宇宙飛行","0"
"110","GAMBOL","1"
"111","GRADIUSIC CYBER","1"
"112","R3","1"
"113","22DUNK","1"
"114","5.1.1.","1"
"115","BRILLIANT 2U","2"
"116","deep in you","2"
"117","GENOM SCREAMS","2"
"118","KEEP ON MOVIN’","2"
"119","PARANOIA MAX～DIRTY MIX～","2"
"120","THE EARTH LIGHT","2"
"121","Dancin’ Into The Night","3"
"122","Hitch Hiker","3"
"123","I Was The One","3"
"124","PUT YOUR FAITH IN ME(for beatmania II)","3"
"125","SP-TRIP MACHINE(for beatmania II)","3"
"126","0.59","3"
"127","CAN’T STOP FALLIN’IN LOVE","4"
"128","Don’t Stop!","4"
"129","era (nostalmix)","4"
"130","Holic","4"
"131","LEADING CYBER","4"
"132","never let you down","4"
"133","R5","4"
"134","REINCARNATION","4"
"135","Schlagwerk","4"
"136","Skyscraper","4"
"137","Tangerine Stream","4"
"138","THE SAFARI","4"
"139","ABSOLUTE","5"
"140","Broken My Heart","5"
"141","CHECKING YOU OUT","5"
"142","Clione","5"
"143","DIAMOND JEALOUSY","5"
"144","DXY!","5"
"145","empathy","5"
"146","era (step mix)","5"
"147","FLOWERS for ALBION","5"
"148","HIGHER","5"
"149","Hitch Hiker2","5"
"150","Jam&Marmalade","5"
"151","KAMIKAZE","5"
"152","LOVE WILL・・・","5"
"153","minimalian","5"
"154","starmine","5"
"155","SWEET LAB","5"
"156","Under Construction","5"
"157","Voltage (feat. Hidemaru)","5"
"158","250bpm","5"
"159","Abyss","6"
"160","Estella","6"
"161","in my eyes","6"
"162","INSERTiON","6"
"163","Kiss me all night long","6"
"164","LOVE AGAIN TONIGHT～for Mellisa mix～","6"
"165","outer wall","6"
"166","QQQ","6"
"167","Radical Faith","6"
"168","Real","6"
"169","Regulus","6"
"170","RIDE ON THE LIGHT (HI GREAT MIX)","6"
"171","RISLIM","6"
"172","sometime","6"
"173","Spin the disc","6"
"174","STILL IN MY HEART","6"
"175","still my words","6"
"176","sync","6"
"177","THE SHINING POLARIS","6"
"178","Time is money","6"
"179","V","6"
"180","BALLAD FOR YOU～想いの雨～","7"
"181","Blueberry Stream","7"
"182","Buffalo","7"
"183","Colors (radio edit)","7"
"184","fly through the night","7"
"185","Free Style","7"
"186","Frozen Ray (original mix)","7"
"187","G2","7"
"188","L’amour et la liberte","7"
"189","Linus","7"
"190","NEMESIS","7"
"191","rottel-da-sun","7"
"192","route 80s","7"
"193","Silhoette of My Mind","7"
"194","SOMETHING WONDERFUL","7"
"195","Summer Vacation(CU mix)","7"
"196","Take It Easy","7"
"197","VJ ARMY","7"
"198","19,November","7"
"199","こっちを向いてよ","7"
"200","電人イェーガーのテーマ(Theme of DENJIN J)","7"
"201","A","8"
"202","AVE DE RAPINA","8"
"203","Bad Routine","8"
"204","BRING HER DOWN","8"
"205","Burning Heat! (Full Option Mix)","8"
"206","CLOUDY MUSIC","8"
"207","D2R","8"
"208","DESTINY","8"
"209","entrance","8"
"210","Glorious Days","8"
"211","Happy Wedding","8"
"212","i feel ...","8"
"213","Let the Snow Paint Me","8"
"214","Love Me Do","8"
"215","Marmalade Reverie","8"
"216","MAX 300","8"
"217","Spica","8"
"218","Tomorrow Perfume","8"
"219","ZERO-ONE","8"
"220","革命","8"
"221","airflow","9"
"222","ALL RIGHT","9"
"223","bit mania","9"
"224","CELEBRATE NITE","9"
"225","Colors -Y&Co. Eurobeat Remix-","9"
"226","DANCER","9"
"227","dissolve","9"
"228","dual control","9"
"229","FLUTE MAN","9"
"230","Giudecca","9"
"231","Hormiga obrera","9"
"232","HYPER BOUNDARY GATE","9"
"233","jelly kiss","9"
"234","LAB","9"
"235","LOVE IS ORANGE","9"
"236","Luv 2 Feel Your Body","9"
"237","memories","9"
"238","murmur twins","9"
"239","MUSIC TO YOUR HEAD","9"
"240","OUTER LIMITS","9"
"241","PLEASE DON’T GO","9"
"242","rainbow flyer","9"
"243","STAR DREAM","9"
"244","thunder","9"
"245","WAR GAME","9"
"246","World Wide Love","9"
"247","xenon","9"
"248","蒼い衝動","9"
"249","合体せよ！ストロングイェーガー！！","9"
"250","桜","9"
"251","Abyss -The Heavens Remix-","10"
"252","ACT","10"
"253","ADVANCE","10"
"254","bag","10"
"255","Be Rock U (1998 burst style)","10"
"256","BREEDING","10"
"257","BRIGHTNESS DARKNESS","10"
"258","Cradle","10"
"259","Distress","10"
"260","e-motion 2003 -romantic extra-","10"
"261","fun","10"
"262","HYPER EUROBEAT (2DX style)","10"
"263","Let The Snow Paint Me -Y&Co. Remix-","10"
"264","lights","10"
"265","LOVE♡SHINE","10"
"266","lower world","10"
"267","Make A Difference","10"
"268","moon_child","10"
"269","one or eight","10"
"270","PARANOIA survivor MAX","10"
"271","POWER DREAM","10"
"272","Prelude","10"
"273","Quickening","10"
"274","RISLIM -Remix-","10"
"275","rottel-the-Mercury","10"
"276","Silvia Drive","10"
"277","SNOW","10"
"278","Sweet Sweet♡Magic","10"
"279","SWEETEST SAVAGE","10"
"280","The Biggest Roaster","10"
"281","The end of my spiritually","10"
"282","昭和企業戦士荒山課長","10"
"283","ライオン好き","10"
"284","A-JAX (3-WAY MIX)","11"
"285","ASTRAL VOYAGE","11"
"286","BABY LOVE","11"
"287","Back Into The Light","11"
"288","Boundary","11"
"289","Debtty Daddy","11"
"290","desolation","11"
"291","DoLL","11"
"292","EXE","11"
"293","FEEL IT","11"
"294","GHOST REVIVAL","11"
"295","GRADIUS -FULL SPEED-","11"
"296","HIGH","11"
"297","LIMITED","11"
"298","Love Is Eternity","11"
"299","LOW","11"
"300","Lucy","11"
"301","Narcissus At Oasis","11"
"302","No.13","11"
"303","One More Lovely","11"
"304","pandora","11"
"305","rainbow rainbow","11"
"306","Ready To Rockit Blues","11"
"307","Rise’n Beauty","11"
"308","SHOOTING STAR","11"
"309","SPACE FIGHT","11"
"310","1st Samurai","11"
"311","システムロマンス","11"
"312","雪月花","11"
"313","AA","12"
"314","AGEHA","12"
"315","ANDROMEDA","12"
"316","awakening","12"
"317","Be quiet","12"
"318","BLOCKS","12"
"319","BREATH","12"
"320","Close my Eyes for Me","12"
"321","D.A.N.C.E.!","12"
"322","Don’t be afraid myself","12"
"323","earth scape","12"
"324","GENOCIDE","12"
"325","gigadelic","12"
"326","HORIZON","12"
"327","INJECTION OF LOVE","12"
"328","KEY","12"
"329","NEBULA GRASPER","12"
"330","Raspberry♡Heart(English version)","12"
"331","RED ZONE","12"
"332","RESONATE 1794","12"
"333","Sphere","12"
"334","spiral galaxy","12"
"335","TEXTURE","12"
"336","The Hope of Tomorrow","12"
"337","ＵＬＴｉＭΛＴＥ","12"
"338","太陽～T・A・I・Y・O～","12"
"339","ピアノ協奏曲第１番”蠍火”","12"
"340","Agnus Dei","13"
"341","alla turca con passione","13"
"342","Aurora","13"
"343","CaptivAte～浄化～","13"
"344","Catch Me","13"
"345","double thrash","13"
"346","EDEN","13"
"347","EMPTY OF THE SKY","13"
"348","garden","13"
"349","Get’em up to R.A.V.E","13"
"350","GREEN EYES","13"
"351","HAPPY☆ANGEL","13"
"352","I am","13"
"353","in motion","13"
"354","INAZUMA","13"
"355","LESSON 5","13"
"356","Little Little Princess","13"
"357","MOON RACE","13"
"358","PATRIOTISM","13"
"359","PLASMA","13"
"360","rage against usual","13"
"361","SCREAM SQUAD","13"
"362","Scripted Connection⇒ A mix","13"
"363","Scripted Connection⇒ H mix","13"
"364","Scripted Connection⇒ N mix","13"
"365","SigSig","13"
"366","tant pis pour toi","13"
"367","Tizona d’El Cid","13"
"368","Twelfth Style","13"
"369","Under the Sky","13"
"370","Votum stellarum","13"
"371","Xepher","13"
"372","100% minimoo-G","13"
"373","合体せよ！ストロングイェーガー！！ (Ryu☆ remix)","13"
"374","キャッシュレスは愛情消すティッシュ","13"
"375","月光","13"
"376","ヒマワリ","13"
"377","冥","13"
"378","ラクエン","13"
"379","ALFARSHEAR 双神威に廻る夢","14"
"380","Apocalypse ～dirge of swans～","14"
"381","ay carumba!!!!","14"
"382","BALLAD THE FEATHERS","14"
"383","Bloody Tears(IIDX EDITION)","14"
"384","bluemoon","14"
"385","Concertino in Blue","14"
"386","CONTRACT","14"
"387","D.C.fish","14"
"388","DEEP ROAR","14"
"389","Double♡♡Loving Heart","14"
"390","EURO-ROMANCE","14"
"391","Ganymede","14"
"392","Harmony and Lovely","14"
"393","Heavenly Sun (IIDX VERSION)","14"
"394","iFUTURELIST","14"
"395","INFERNO","14"
"396","Leaving...","14"
"397","Melody Life","14"
"398","MINT","14"
"399","MOON","14"
"400","Parasite World","14"
"401","Power of Love","14"
"402","So Fabulous !!","14"
"403","Sun Field","14"
"404","The Dirty of Loudness","14"
"405","This is Love","14"
"406","tripping contact","14"
"407","tripping contact(teranoid&MC Natsack Remix)","14"
"408","TYPE MARS(G-Style Mix)","14"
"409","Ubiquitous Fantastic Ride","14"
"410","waxing and wanding","14"
"411","Why did you go away","14"
"412","Winning Eleven9 Theme(IIDX EDITION)","14"
"413","wish","14"
"414","WISH(EUROBEAT MIX)","14"
"415","with you…","14"
"416","Zenius -I- vanisher","14"
"417","カゴノトリ～弐式～","14"
"418","華蝶風雪","14"
"419","タシカナモノ","14"
"420","嘆きの樹","14"
"421","虹色","14"
"422","Air Bell","15"
"423","ANDROMEDA II","15"
"424","Blind Justice ～Torn souls, Hurt Faiths ～","15"
"425","Candy Galy","15"
"426","CaptivAte～誓い～","15"
"427","CaptivAte～裁き～","15"
"428","CROSSROAD ～Left Story～","15"
"429","Cyber Force","15"
"430","Dreaming Sweetness","15"
"431","earth-like planet","15"
"432","Fascination MAXX","15"
"433","FIRE FIRE","15"
"434","four-leaf","15"
"435","GOLD RUSH","15"
"436","GRID KNIGHT","15"
"437","HALF MOON","15"
"438","heaven above","15"
"439","High School Love","15"
"440","INORI","15"
"441","KAMAITACHI","15"
"442","LASER CRUSTER","15"
"443","Love Again...","15"
"444","METALLIC MIND","15"
"445","My Only Shining Star","15"
"446","never...","15"
"447","Play back hate you","15"
"448","Second Heaven","15"
"449","smile","15"
"450","snow storm","15"
"451","STARS☆☆☆(Re-tuned by HΛL) - IIDX EDITION -","15"
"452","the shadow","15"
"453","The Smile of You","15"
"454","TRANOID","15"
"455","VANESSA","15"
"456","Yabis Starlight","15"
"457","カミロ・ウナ・メンデス","15"
"458","鬼言集","15"
"459","クルクル☆ラブ～Opioid Peptide MIX～","15"
"460","シティ・エンジェル","15"
"461","零 - ZERO -","15"
"462","電人、暁に斃れる。","15"
"463","花吹雪 ～ IIDX LIMITED ～","15"
"464","星をこの手に","15"
"465","ヨシダさん","15"
"466","リグレット","15"
"467","Anisakis -somatic mutation type”Forza”-","16"
"468","beatonic nation","16"
"469","Blue Rain","16"
"470","Darling my LUV","16"
"471","Dazzlin’ Darlin","16"
"472","Digitank System","16"
"473","Do it!! Do it!!","16"
"474","end of world","16"
"475","evergreen","16"
"476","four pieces of heaven","16"
"477","Freeway Shuffle","16"
"478","ICARUS","16"
"479","in the Sky","16"
"480","JOURNEY TO ”FANTASICA” (IIDX LIMITED )","16"
"481","LOVELY STORM","16"
"482","madrugada","16"
"483","MAX LOVE","16"
"484","MENDES","16"
"485","MENTAL MELTDOWN","16"
"486","NEW GENERATION -もう、お前しか見えない-","16"
"487","Now and Forever","16"
"488","oratio","16"
"489","PARANOiA ～HADES～","16"
"490","PROMISE FOR LIFE","16"
"491","REMINISCENCE","16"
"492","Rising in the Sun(original mix)","16"
"493","Ristaccia","16"
"494","ROCK ME NOW","16"
"495","satellite020712 from ”CODED ARMS”","16"
"496","satfinal","16"
"497","scar in the earth","16"
"498","Shades of Grey","16"
"499","SHIFT","16"
"500","soldier’s waltz","16"
"501","SOUND OF GIALLARHORN","16"
"502","State Of The Art","16"
"503","STEEL NEEDLE","16"
"504","THE DEEP STRIKER","16"
"505","the trigger of innocence","16"
"506","Time to Air","16"
"507","TRIP MACHINE PhoeniX","16"
"508","TROOPERS","16"
"509","Übertreffen","16"
"510","Wanna Party?","16"
"511","高高度降下低高度開傘","16"
"512","少年A","16"
"513","走馬灯 -The Last Song-","16"
"514","華爛漫 -Flowers-","16"
"515","マチ子の唄","16"
"516","ミラージュ・レジデンス","16"
"517","ALL I NEED YOUR LOVE","17"
"518","ALL MY TURN -このターンに、オレの全てを賭ける-","17"
"519","Arabian Rave Night","17"
"520","B4U(BEMANI FOR YOU MIX)","17"
"521","Bahram Attack-猫叉Master Remix-","17"
"522","BITTER CHOCOLATE STRIKER","17"
"523","BRIDAL FESTIVAL !!!","17"
"524","CaptivAte2～覚醒～","17"
"525","Colorful Cookie","17"
"526","Cyber Force -DJ Yoshitaka Remix-","17"
"527","Flash Back 90’s","17"
"528","Fly Above","17"
"529","Go Beyond!!","17"
"530","HYPERION","17"
"531","I’m Screaming LOVE","17"
"532","Just a Little Smile","17"
"533","Kung-fu Empire","17"
"534","Marie Antoinette","17"
"535","Mind Mapping","17"
"536","naughty girl@Queen’s Palace","17"
"537","neogenesis","17"
"538","Programmed World","17"
"539","PSYCHE PLANET-GT","17"
"540","Queen’s Tragedy","17"
"541","smooooch・∀・","17"
"542","SOLITON BEAM","17"
"543","THANK YOU FOR PLAYING","17"
"544","THE SHINING POLARIS(kors k mix)","17"
"545","thunder HOUSE NATION Remix","17"
"546","Turii ～Panta rhei～","17"
"547","V2","17"
"548","You’ll say ”Now!”","17"
"549","3y3s","17"
"550","アタック NO.3","17"
"551","翼","17"
"552","天空脳番長危機十六連打","17"
"553","鉄甲乙女-under the steel-","17"
"554","ハリツヤランデヴー","17"
"555","卑弥呼","17"
"556","不沈艦CANDY","17"
"557","まほろば","17"
"558","ミッドナイト堕天使","17"
"559","山岡晃の「クイズ！家事都合！」","17"
"560","凛として咲く花の如く","17"
"561","AIR RAID FROM THA UNDAGROUND","18"
"562","Almagest","18"
"563","Bad Maniacs","18"
"564","bass 2 bass","18"
"565","being torn the sky","18"
"566","bloomin’ feeling","18"
"567","Brazilian Fire","18"
"568","CaptivAte～裁き～(SUBLIME TECHNO MIX)","18"
"569","Chocolate Dancing","18"
"570","D","18"
"571","Dazzlin’ Darlin-秋葉工房mix-","18"
"572","DENJIN AKATSUKINI TAORERU -SF PureAnalogSynth Mix-","18"
"573","DESIRE","18"
"574","DOMINION","18"
"575","DROP","18"
"576","Elisha","18"
"577","Empire State Glory","18"
"578","eRAseRmOToRpHAntOM","18"
"579","Evans","18"
"580","EXUSIA","18"
"581","G59","18"
"582","GALGALIM","18"
"583","Hydrogen Blueback","18"
"584","Keep it-秋葉工房mix-","18"
"585","Last Burning","18"
"586","Light Shine","18"
"587","London Affairs Beckoned With Money Loved By Yellow Papers.","18"
"588","MIRACLE MEETS","18"
"589","mosaic","18"
"590","NEW SENSATION -もう、あなたしか見えない-","18"
"591","NoN-Fiction Story!","18"
"592","One of A Kind","18"
"593","Programmed Sun","18"
"594","quell～the seventh slave～","18"
"595","Raison d’être～交差する宿命～","18"
"596","Red. by Full Metal Jacket","18"
"597","Roots of my way!","18"
"598","She is my wife","18"
"599","SOLID STATE SQUAD","18"
"600","Sorrows","18"
"601","Special One","18"
"602","spiral galaxy -L.E.D. STYLE SPREADING PARTICLE BEAM MIX-","18"
"603","THE LAST STRIKER","18"
"604","The Story Begins","18"
"605","To the Future","18"
"606","with me...","18"
"607","かずあそび","18"
"608","コスモス","18"
"609","サヨナラ・ヘヴン","18"
"610","水上の提督(Short mix from ”幻想水滸伝V”)","18"
"611","たからもの","18"
"612","バビロニア","18"
"613","フェティッシュペイパー ～ 脇の汗回転ガール ～","18"
"614","未来のプリズム","18"
"615","ワルツ第17番 ト短調”大犬のワルツ”","18"
"616","Aegis","19"
"617","ALBIDA","19"
"618","Answer","19"
"619","ANTHEM LANDING","19"
"620","Believe In Me","19"
"621","BLUST OF WIND","19"
"622","Bounce Bounce Bounce","19"
"623","Breaking the ground","19"
"624","Broken","19"
"625","BROKEN EDEN","19"
"626","Dances with Snow Fairies","19"
"627","Destiny Sword","19"
"628","DM STAR～関西 energy style～","19"
"629","ELECTRIC MASSIVE DIVER","19"
"630","Energy Drive","19"
"631","Everlasting Resort","19"
"632","Fantasia","19"
"633","Golden Palms","19"
"634","Hardcore Mania","19"
"635","I FIGHT ME","19"
"636","Kailua","19"
"637","La Mar","19"
"638","Let The Track Flow","19"
"639","Love♡km","19"
"640","Medicine of love","19"
"641","Mermaid girl","19"
"642","Never Fade Away","19"
"643","New Castle Legions","19"
"644","PARADISE LOST","19"
"645","passionate fate","19"
"646","perditus†paradisus","19"
"647","Programmed Sun (xac Antarctic Ocean mix)","19"
"648","reunion","19"
"649","Rock Da House","19"
"650","SABER WING","19"
"651","Sakura Reflection","19"
"652","sakura storm","19"
"653","SPECIAL SUMMER CAMPAIGN!","19"
"654","Stay my side","19"
"655","STELLAR WIND","19"
"656","Survival Games","19"
"657","Take Me Higher","19"
"658","THE BLACK KNIGHT","19"
"659","THE DOOR INTO RAINBOW","19"
"660","THE FALLEN","19"
"661","Tropical April","19"
"662","Vermillion","19"
"663","Watch Out Pt.2","19"
"664","WE LOVE SHONAN","19"
"665","WISE UP!","19"
"666","Wuv U","19"
"667","XANADU OF TWO","19"
"668","ZETA～素数の世界と超越者～","19"
"669","おおきなこえで","19"
"670","かげぬい ～ Ver.BENIBOTAN ～","19"
"671","黒髪乱れし修羅となりて","19"
"672","灼熱Beach Side Bunny","19"
"673","旅人リラン","19"
"674","中華急行","19"
"675","夕焼け ～Fading Day～","19"
"676","ラクエン Feat.Chiharu Chonan -JAKA respect for K.S.K. Remix","19"
"677","A MINSTREL ～ ver. short-scape ～","20"
"678","Almace","20"
"679","ANAGRAMS I to Y","20"
"680","BLACK.by X-Cross Fade","20"
"681","CALL","20"
"682","Castle on the Moon","20"
"683","Change the World","20"
"684","DIAVOLO","20"
"685","Drive Me Crazy","20"
"686","Express Emotion","20"
"687","F","20"
"688","Far east nightbird","20"
"689","ƒƒƒƒƒ","20"
"690","Flip Flap","20"
"691","Follow Tomorrow","20"
"692","GIGANT","20"
"693","HAERETICUS","20"
"694","I’m so Happy","20"
"695","In the Blackest Den","20"
"696","Infinite cave","20"
"697","Into The Sunlight","20"
"698","KYAMISAMA ONEGAI!","20"
"699","LAX5 feat.Ryota Yoshinari","20"
"700","LETHEBOLG ～双神威に斬り咲けり～","20"
"701","Liquid Crystal Girl feat. echo","20"
"702","Lucky Days","20"
"703","Mermaid girl-秋葉工房 MIX-","20"
"704","Miami Sunset Drive","20"
"705","NNRT","20"
"706","PentaCube Gt.(RX-Ver.S.P.L.)","20"
"707","Phoenix","20"
"708","prompt","20"
"709","QUANTUM TELEPORTATION","20"
"710","quaver♪","20"
"711","Quick Silver","20"
"712","Release The Music","20"
"713","RESISTANCE","20"
"714","Round and Round","20"
"715","SA.YO.NA.RA. SUPER STAR","20"
"716","Scharfrichter","20"
"717","Several Words","20"
"718","SHADE","20"
"719","Snake Stick","20"
"720","Snow Goose","20"
"721","Star Trail","20"
"722","The Limbo","20"
"723","The Sampling Paradise","20"
"724","Thunderbolt","20"
"725","TITANS RETURN","20"
"726","Todestrieb","20"
"727","WONDER WALKER","20"
"728","YAKSHA","20"
"729","yellow head joe","20"
"730","Yellow Sunrise","20"
"731","24th Century BOY","20"
"732","532nm","20"
"733","蛇神","20"
"734","陽炎","20"
"735","君のハートにロックオン","20"
"736","恋する☆宇宙戦争っ！！","20"
"737","子供の落書き帳","20"
"738","衰色小町メランコリア","20"
"739","天空の夜明け","20"
"740","突撃!ガラスのニーソ姫!","20"
"741","ビューティフルレシート","20"
"742","ユミル","20"
"743","Ascalon","21"
"744","Beastie Starter","21"
"745","BLUE STRAGGLER","21"
"746","BRAVE GLOW","21"
"747","Breaking Dawn feat. NO+CHIN, AYANO","21"
"748","CONCEPTUAL","21"
"749","Confiserie","21"
"750","connective","21"
"751","Cookie Bouquets","21"
"752","DAY DREAM","21"
"753","Deceive Your Insight","21"
"754","Echo Of Forever","21"
"755","Elemental Creation","21"
"756","Empathetic","21"
"757","examination leave","21"
"758","FLOWER","21"
"759","Fly you to the star","21"
"760","Fractal","21"
"761","GAIA","21"
"762","GRADIUS 2012","21"
"763","Hollywood Galaxy","21"
"764","Holy Snow","21"
"765","Howling","21"
"766","I know You know","21"
"767","ILIAS","21"
"768","Illegal Function Call","21"
"769","In Heaven","21"
"770","JOMANDA","21"
"771","Liberation","21"
"772","Light and Cyber…","21"
"773","Little Star","21"
"774","LUV CAN SAVE U","21"
"775","mnemoniq","21"
"776","Neonlights","21"
"777","neu","21"
"778","New Decade IIDX Edition","21"
"779","New Lights","21"
"780","Plan 8","21"
"781","planarian","21"
"782","POINT ZERO","21"
"783","portal","21"
"784","Präludium","21"
"785","Proof of the existence","21"
"786","Rainbow after snow","21"
"787","Reflection Into the EDEN","21"
"788","Re:GENERATION","21"
"789","rumrum triplets","21"
"790","S!ck","21"
"791","Saturn","21"
"792","Shining World","21"
"793","SHION","21"
"794","Sol Cosine Job 2","21"
"795","Spinning Around","21"
"796","STULTI","21"
"797","SYNC-ANTHEM","21"
"798","Synergy For Angels","21"
"799","Thor’s Hammer","21"
"800","Time to Empress","21"
"801","Timepiece phase II","21"
"802","Timepiece phase II (CN Ver.)","21"
"803","To my star","21"
"804","Tp-RZ","21"
"805","True Blue","21"
"806","Valanga","21"
"807","VALLIS-NERIA","21"
"808","VEGA","21"
"809","YELLOW FROG from Steel Chronicle","21"
"810","ZED","21"
"811","Zirkfied","21"
"812","405nm (Ryu☆mix)","21"
"813","8bit Princess","21"
"814","アストライアの双皿","21"
"815","梅雪夜","21"
"816","ΕΛΠΙΣ","21"
"817","お米の美味しい炊き方、そしてお米を食べることによるその効果。","21"
"818","朧","21"
"819","音楽","21"
"820","下弦の月","21"
"821","カジノファイヤーことみちゃん","21"
"822","仮想空間の旅人たち","21"
"823","キャトられ♥恋はモ～モク","21"
"824","狂イ咲ケ焔ノ華","21"
"825","シュレーディンガーの猫","21"
"826","晴天Bon Voyage","21"
"827","創世ノート","21"
"828","たまゆら","21"
"829","トリカゴノ鳳凰","21"
"830","†渚の小悪魔ラヴリィ～レイディオ†(IIDX EDIT)","21"
"831","虹色の花","21"
"832","メイメツ、フラグメンツ","21"
"833","ラキラキ","21"
"834","龍と少女とデコヒーレンス","21"
"835","Adularia","22"
"836","ALBA -黎明-","22"
"837","All is Wrecked","22"
"838","Ancient Scapes","22"
"839","BRAINSTORM","22"
"840","BRAVE OUT","22"
"841","Claiomh Solais","22"
"842","Cleopatrysm","22"
"843","Close the World feat.a☆ru","22"
"844","Critical Crystal","22"
"845","DARK LEGACY","22"
"846","diagram","22"
"847","Elektrick U-Phoria","22"
"848","Element of SPADA","22"
"849","Engraved Mark","22"
"850","esrev:eR","22"
"851","EXTREME MACH COLLIDER","22"
"852","Feel The Beat","22"
"853","Funny shuffle","22"
"854","Give Me Your Love","22"
"855","HYENA","22"
"856","Hypersonik","22"
"857","I will be back -オレは帰ってきた-","22"
"858","Immortal","22"
"859","Insane Techniques","22"
"860","INSOMNIA","22"
"861","invoker","22"
"862","KAISER PHOENIX","22"
"863","KHAMEN BREAK","22"
"864","LA FESTA LA VITA!!","22"
"865","Last Dance","22"
"866","Lighting Shower","22"
"867","M.D.Injection","22"
"868","m1dy Deluxe","22"
"869","MAD ATTACK","22"
"870","MAGIC & LOVE","22"
"871","Miracle 5ympho X","22"
"872","NEMESIS -gratitude remix- IIDX Edition","22"
"873","NPC World","22"
"874","Odin","22"
"875","Overload Frontier","22"
"876","Pharaoh","22"
"877","PUNISHER","22"
"878","ra’am","22"
"879","rainbow guitar weeps","22"
"880","Recollection","22"
"881","refractive index","22"
"882","RISE","22"
"883","RIZING YOU UP","22"
"884","SCHWARZSCHILD FIELD","22"
"885","Shattered control","22"
"886","Sigmund","22"
"887","Smug Face -どうだ、オレの生き様は- (ONLY ONE EDITION)","22"
"888","Squeeze","22"
"889","Stella Sinistra","22"
"890","THE DETONATOR","22"
"891","Unicorn tail","22"
"892","Valgus","22"
"893","Verflucht","22"
"894","Votum stellarum -Hommarju Remix-","22"
"895","VOX UP","22"
"896","WOBBLE IMPACT","22"
"897","アルストロメリア","22"
"898","ÆTHER","22"
"899","御千手メディテーション","22"
"900","お願いアインシュタイン","22"
"901","疾風迅雷","22"
"902","死神自爆中二妹アイドルももかりん(1歳)","22"
"903","旋律のドグマ～Misérables～","22"
"904","超!!遠距離らぶ♡メ～ル","22"
"905","罪と罰","22"
"906","デッドボヲルdeホームラン","22"
"907","轟け！恋のビーンボール！！","22"
"908","IX","22"
"909","廿","22"
"910","牧神笛吹きて","22"
"911","マインド・ゲーム","22"
"912","野球の遊び方 そしてその歴史 ～決定版～","22"
"913","煉獄のエルフェリア","22"
"914","海神","22"
"915","AFRO KNUCKLE","23"
"916","Amnolys","23"
"917","Beat Radiance","23"
"918","Beyond The Earth","23"
"919","Blaze it UP!","23"
"920","BLUE MIRAGE","23"
"921","Broken Sword","23"
"922","Chain of pain","23"
"923","chrono diver -fragment-","23"
"924","CHRONO DIVER -NORNIR-","23"
"925","Chrono Diver -PENDULUMs-","23"
"926","Chronos","23"
"927","cinder","23"
"928","COLOSSEUM","23"
"929","Cosmic Cat","23"
"930","Despair of ELFERIA","23"
"931","Discloze","23"
"932","EBONY & IVORY","23"
"933","entelecheia","23"
"934","Erosion Mark","23"
"935","fallen leaves -IIDX edition-","23"
"936","FANTASTIC THREE","23"
"937","Flashes","23"
"938","Gravigazer","23"
"939","GUILTY","23"
"940","Hello Happiness","23"
"941","Hollywood Galaxy(DJ NAGAI Remix)","23"
"942","illuminate","23"
"943","IMPLANTATION","23"
"944","In The Breeze","23"
"945","Invitation from Mr.C","23"
"946","IXION","23"
"947","Light My Fire","23"
"948","Line 4 Ruin","23"
"949","Ludus In Tenebris","23"
"950","m1dy Festival","23"
"951","Monopole.","23"
"952","NEO GENERATOR SEVEN","23"
"953","Night sky","23"
"954","No Tears","23"
"955","PENDUAL TALISMAN","23"
"956","Rave*it!! Rave*it!!","23"
"957","Realize Maze","23"
"958","Reflux","23"
"959","Sakura Mirage","23"
"960","SAMSARA","23"
"961","Say YEEEAHH","23"
"962","Scarlet Moon","23"
"963","Scars of FAUNA","23"
"964","Shooting Fireball","23"
"965","Sounds Of Summer","23"
"966","SpaceLand☆TOYBOX","23"
"967","subtractive","23"
"968","Sweet Radar","23"
"969","Symmetry","23"
"970","The Least 100sec","23"
"971","TIEFSEE","23"
"972","TOXIC VIBRATION","23"
"973","Vulkan","23"
"974","We’re so Happy (P*Light Remix) IIDX ver.","23"
"975","ZZ","23"
"976","妖隠し -あやかしかくし-","23"
"977","十六夜セツナ","23"
"978","鬼天","23"
"979","共鳴遊戯の華","23"
"980","恋は白帯、サンシロー","23"
"981","#The_Relentless","23"
"982","少年は空を辿る","23"
"983","白露の風","23"
"984","時空トラベローグ","23"
"985","千年ノ理","23"
"986","全力 SPECIAL VACATION!! ～限りある休日～","23"
"987","それは花火のような恋","23"
"988","打打打打打打打打打打","23"
"989","超青少年ノ為ノ超多幸ナ超古典的超舞曲","23"
"990","Ｘ↑Ｘ↓","23"
"991","デンドロビウム","23"
"992","取り残された美術(Arranged:HiZuMi)","23"
"993","とろぴかる倶楽部","23"
"994","ドッキン☆サマーあばんちゅーる","23"
"995","夏色DIARY - L.E.D.-G STYLE MIX -","23"
"996","パ→ピ→プ→Yeah!","23"
"997","表裏一体！？怪盗いいんちょの悩み♥","23"
"998","ぷろぐれっしぶ時空少女！うらしまたろ子ちゃん！","23"
"999","ベィスドロップ・フリークス","23"
"1000","紅牡丹","23"
"1001","もっと！モット！ときめき feat. 松下","23"
"1002","リリーゼと炎龍レーヴァテイン","23"
"1003","Acid Pumper","24"
"1004","Angelic Jelly","24"
"1005","AO-1","24"
"1006","Arcana","24"
"1007","Aublia","24"
"1008","Battle Train -IIDX Edition-","24"
"1009","Blue Spring Express","24"
"1010","Central Station","24"
"1011","chaos eater -IIDX edition-","24"
"1012","CODE:1 [revision1.0.1]","24"
"1013","Daily Lunch Special","24"
"1014","Damage Per Second","24"
"1015","Devil’s Gear","24"
"1016","DIAMOND CROSSING","24"
"1017","do the thing feat. Kanae Asaba","24"
"1018","Donkey Donk","24"
"1019","Dreamin Train","24"
"1020","Dynamite","24"
"1021","Everlasting Last","24"
"1022","Exchange Place","24"
"1023","GENERATE feat.綾倉盟","24"
"1024","GET READY!!","24"
"1025","Go Faraway","24"
"1026","Godspeed","24"
"1027","Grand Chariot","24"
"1028","Highcharge Divolt","24"
"1029","Inner Spirit","24"
"1030","Journey","24"
"1031","La dolce primavera","24"
"1032","m1dy Dynamic","24"
"1033","M4K3 1T B0UNC3","24"
"1034","Musik LoverZ","24"
"1035","NANAIRO","24"
"1036","Nightmare before oversleep","24"
"1037","NO LIMIT -オレ達に限界は無い-","24"
"1038","Nowhere","24"
"1039","NZM","24"
"1040","On the FM","24"
"1041","Outbreak","24"
"1042","OUTER LIMITS ALTERNATIVE","24"
"1043","POSSESSION","24"
"1044","quick master (reform version)","24"
"1045","refrain","24"
"1046","Ride To The Core","24"
"1047","Rock It","24"
"1048","Routing","24"
"1049","SEITEN NO TERIYAKI","24"
"1050","Sephirot","24"
"1051","SHELTER OF THE MIND","24"
"1052","STARLiGHT","24"
"1053","STARLIGHT DANCEHALL","24"
"1054","StrayedCatz","24"
"1055","Super Duper Racers","24"
"1056","SURVIVOR","24"
"1057","Tori-no-kimochi","24"
"1058","To The Paradise","24"
"1059","Transport","24"
"1060","Triple Counter","24"
"1061","Uh-Oh","24"
"1062","Welcome","24"
"1063","Wheel of Journey","24"
"1064","X","24"
"1065","ZEPHYRANTHES","24"
"1066","199024club -Re:BounceKiller-","24"
"1067","朝焼けから始まるボクらの小さな旅","24"
"1068","紫陽花 -AZISAI-","24"
"1069","麗 ～うらら～","24"
"1070","駅猫のワルツ","24"
"1071","オルタネイトβ","24"
"1072","か・し・ま・し☆PUMP UP！","24"
"1073","ギョギョっと人魚♨爆婚ブライダル","24"
"1074","炸裂！イェーガー電光チョップ！！(JAEGER FINAL ATTACK)","24"
"1075","灼熱 Pt.2 Long Train Running","24"
"1076","シュッパツシンコウ・シサカンコ","24"
"1077","少女アリスと箱庭幻想コンチェルト","24"
"1078","真 地獄超特急 -HELL or HELL-","24"
"1079","セロトニン","24"
"1080","太陽SUNSUNボンジュールアバンチュール","24"
"1081","追想快晴テーマパーク","24"
"1082","星屑ディスタンシア","24"
"1083","明鏡止水","24"
"1084","めいさいアイドル☆あいむちゃん♪","24"
"1085","量子の海のリントヴルム","24"
"1086","Affection","25"
"1087","Amazing Mirage","25"
"1088","Apocalypse","25"
"1089","AsiaN distractive","25"
"1090","Be A Star","25"
"1091","Beat Juggling Mix","25"
"1092","Believe in you","25"
"1093","Beyond The Seven","25"
"1094","BREAK OVER","25"
"1095","BroGamer","25"
"1096","Caterpillar","25"
"1097","crew","25"
"1098","Cyber True Color","25"
"1099","DISAPPEAR feat. koyomin","25"
"1100","DORNWALD ～Junge～","25"
"1101","ECHIDNA","25"
"1102","Egret and Willow","25"
"1103","elemental bender feat. Kanae Asaba","25"
"1104","FUZIN RIZIN","25"
"1105","Go Ahead!!","25"
"1106","GuNGNiR","25"
"1107","HADES","25"
"1108","Honey Trap","25"
"1109","INVISIBLE STRIX","25"
"1110","Lost wing at.0","25"
"1111","Macuilxochitl","25"
"1112","Magical","25"
"1113","Mare Nectaris","25"
"1114","Modular Technology","25"
"1115","Music is The Answer","25"
"1116","nostos","25"
"1117","OOO","25"
"1118","OTENAMI Hurricane","25"
"1119","PAPAYAPA BASS","25"
"1120","Quakes","25"
"1121","RAIN","25"
"1122","Rave Cannon","25"
"1123","RISING FIRE HAWK","25"
"1124","ROTTERDAM SHOGUN","25"
"1125","SAMURAI-Scramble","25"
"1126","Sarutobi Champion is 拙者","25"
"1127","SAY BAY","25"
"1128","Seaside Labyrinth","25"
"1129","Seize the Day","25"
"1130","Selfish Sweet","25"
"1131","SEQUENCE CAT","25"
"1132","Shoot’Em All","25"
"1133","shuriken","25"
"1134","SINOBUZ Fantasy","25"
"1135","Sky High","25"
"1136","Snakey Kung-fu","25"
"1137","Steel Edge","25"
"1138","Super Rush","25"
"1139","Surf on the Light","25"
"1140","The Commanders","25"
"1141","(This Is Not) The Angels","25"
"1142","TOGAKUSHI","25"
"1143","Umbral","25"
"1144","Venom","25"
"1145","Warrior","25"
"1146","XINOBIKILL","25"
"1147","Yellow Sketch(RX-Ver.S.P.L.)","25"
"1148","イザナミノナゲキ","25"
"1149","焔極OVERKILL","25"
"1150","お命ちょうDAI！901娘","25"
"1151","禍根","25"
"1152","鴉","25"
"1153","九尾狐夜行","25"
"1154","恋はどう？モロ◎波動OK☆方程式!!","25"
"1155","獅子霞麗ノ舞","25"
"1156","忍恋花","25"
"1157","〆","25"
"1158","次葉 -turn the page-","25"
"1159","ちらちら・はらはら","25"
"1160","津軽雪","25"
"1161","月雪に舞う華のように","25"
"1162","ディッシュウォッシャー◎彡おいわちゃん","25"
"1163","童話回廊","25"
"1164","刃図羅","25"
"1165","焱影","25"
"1166","¡Viva!","25"
"1167","冬椿 ft. Kanae Asaba","25"
"1168","#MAGiCVLGiRL_TRVP_B3VTZ","25"
"1169","AA -rebuild-","26"
"1170","Abraxas","26"
"1171","ACCELERATE","26"
"1172","Acidiva 303","26"
"1173","Alpheratz","26"
"1174","Amor De Verão","26"
"1175","ANAGMA","26"
"1176","ANCHOR","26"
"1177","Antigravity","26"
"1178","Arca","26"
"1179","Around the Future","26"
"1180","Back Spin Sweeper","26"
"1181","Battleground","26"
"1182","Be a Hero!","26"
"1183","Beast mode","26"
"1184","Best Of Me","26"
"1185","Boomy and The Boost","26"
"1186","Break Stasis","26"
"1187","ChaserXX","26"
"1188","Chemical Cookie","26"
"1189","City Never Sleeps (IIDX EDITION)","26"
"1190","COSMIC☆WONDER☆REVOLUTION","26"
"1191","DEADHEAT","26"
"1192","DEATH†ZIGOQ ～怒りの高速爆走野郎～","26"
"1193","DropZ-Line-","26"
"1194","Eine Haube ～聖地の果てにあるもの～","26"
"1195","EMERALDAS","26"
"1196","encounter","26"
"1197","Exhaust Hype","26"
"1198","Expanded !!","26"
"1199","Fervidex","26"
"1200","FIRE BALL","26"
"1201","FREEDOM","26"
"1202","From Time To Time","26"
"1203","FUTURE is Dead","26"
"1204","Get Up! feat. Kanae Asaba","26"
"1205","HAT TRICK","26"
"1206","Hella Deep","26"
"1207","HYPE THE CORE","26"
"1208","I Love You","26"
"1209","Illusionary Waterlily","26"
"1210","Initiation","26"
"1211","Let’s Bounce !!","26"
"1212","Life Is A Game ft.DD”ナカタ”Metal","26"
"1213","LUV DRIVE","26"
"1214","MAXIVCORD","26"
"1215","Midnight Lady","26"
"1216","Mira","26"
"1217","n’pa pa BBQ","26"
"1218","NITROUS CANNON","26"
"1219","Nothing but Theory","26"
"1220","O/D*20","26"
"1221","Only for now","26"
"1222","Papilio ulysses","26"
"1223","Persephone","26"
"1224","Rampage","26"
"1225","Raspberry Railgun","26"
"1226","REVOLVER","26"
"1227","Rise Circuit","26"
"1228","SHOX","26"
"1229","Sleepless days","26"
"1230","Slipstream","26"
"1231","SPEED","26"
"1232","SPEED DEMON","26"
"1233","STARLIGHT JUNCTION","26"
"1234","Static State","26"
"1235","Temple of Anubis","26"
"1236","THE CANNONBALLER","26"
"1237","The Chase","26"
"1238","UMMU","26"
"1239","Xperanza","26"
"1240","1001 -ESCAPE-","26"
"1241","255","26"
"1242","命の標本","26"
"1243","うさ☆かめ 大戦争！","26"
"1244","エディブルフラワーの独白","26"
"1245","共犯ヘヴンズコード","26"
"1246","シムルグの目醒め","26"
"1247","神謳 -RESONANCE-","26"
"1248","純真可憐デザイア","26"
"1249","草原の王女-奇跡を辿って-","26"
"1250","東京神話","26"
"1251","ナイトシティー・アヴァンチュール","26"
"1252","ハイ*ビスカス ft. Kanae Asaba","26"
"1253","バスルーム ロマンス","26"
"1254","バ→ビ→ブ→Bomb!","26"
"1255","A Tale Hidden In The Abyss","27"
"1256","Afterimage d’automne","27"
"1257","AGAiN","27"
"1258","Angels & Demons","27"
"1259","BLACK JACKAL","27"
"1260","BLO§OM","27"
"1261","Carmina","27"
"1262","Carry Me Away","27"
"1263","Catch Our Fire!","27"
"1264","CODE:Ø","27"
"1265","CoMAAAAAAA","27"
"1266","COSMIC CYBER","27"
"1267","Cranberry City ft. Luschel","27"
"1268","dAuntl3ss","27"
"1269","Digital Skipper","27"
"1270","Dr. Chemical & Killing Machine","27"
"1271","Drastic Dramatic","27"
"1272","Ember Lights","27"
"1273","EVANESCENT","27"
"1274","Garuda","27"
"1275","Geirskögul","27"
"1276","GENE","27"
"1277","GIGA THRASH","27"
"1278","Glory","27"
"1279","GO OVER WITH GLARE -ROOTAGE 26-","27"
"1280","HARD BRAIN","27"
"1281","HEISEI","27"
"1282","Hurry Hurry","27"
"1283","IDC feat.REVERBEE (Mo’Cuts Ver)","27"
"1284","IDOL syndrome.","27"
"1285","KILL EACH OTHER","27"
"1286","L.F.O","27"
"1287","LADYBIRD","27"
"1288","Let me be your cure","27"
"1289","Lift Us High","27"
"1290","LOST TECHNOLOGIE","27"
"1291","Mächö Mönky","27"
"1292","Necroxis Girl","27"
"1293","Next Tales 2 Oath (IIDX 20th Anniv ”Ring” Theme)","27"
"1294","Night! Night! Night!","27"
"1295","ONIGOROSHI","27"
"1296","OVER TIME","27"
"1297","Painful Fate","27"
"1298","Playing With Fire","27"
"1299","Please Welcome Mr.C","27"
"1300","Psycho Sheep Riddim","27"
"1301","Red. by Jack Trance","27"
"1302","REPLAY","27"
"1303","R∞tAge","27"
"1304","ROZA DE ANDALUCIA","27"
"1305","ruin of opals","27"
"1306","Sidechained Threats","27"
"1307","SIGMA","27"
"1308","Six String Proof","27"
"1309","SPEED ROCKER","27"
"1310","Starry Night","27"
"1311","Technicolour Dreams","27"
"1312","THE DAY OF JUBILATIONS","27"
"1313","The Rebellion of Sequencer","27"
"1314","The Sealer ～ア・ミリアとミリアの民～","27"
"1315","toy boxer","27"
"1316","ToyCube Pf.(RX-Ver.S.P.L.)","27"
"1317","Trill auf G","27"
"1318","Twilight Warp","27"
"1319","Unbelief","27"
"1320","UNDERWORLD HOLOGRAPHY","27"
"1321","Urban Constellations","27"
"1322","Visterhv","27"
"1323","voltississimo","27"
"1324","Wing of Hearts","27"
"1325","Wolf 1061","27"
"1326","Wonderland","27"
"1327","XENON II ～TOMOYUKIの野望～","27"
"1328","Yum Yum Jelly","27"
"1329","ZENDEGI DANCE","27"
"1330","50th Memorial Songs -Beginning Story-","27"
"1331","50th Memorial Songs -Flagship medley-","27"
"1332","50th Memorial Songs -二人の時 ～under the cherry blossoms～-","27"
"1333","50th Memorial Songs -The BEMANI History-","27"
"1334","& Intelligence","27"
"1335","おーまい！らぶりー！すうぃーてぃ！だーりん！","27"
"1336","お菓子の王国","27"
"1337","X-DEN","27"
"1338","グラナダの風","27"
"1339","金野火織の金色提言","27"
"1340","最小三倍完全数","27"
"1341","セカンドピアス","27"
"1342","抱きしめてモナムール","27"
"1343","夏の匂い。キミの残像。 ft. Kanae Asaba","27"
"1344","ハードベース・フェスタ","27"
"1345","花冠 feat.Aikapin","27"
"1346","爆ゼニ☆がってんワーカー","27"
"1347","ミストレス・アンに花束を","27"
"1348","ミッドナイト☆WAR","27"
"1349","龍王の霊廟(Mausoleum Of The Primal Dragon)","27"
"1350","Advent Infamous","28"
"1351","AKASHIC BREAK","28"
"1352","And-RoiD","28"
"1353","Artist","28"
"1354","Backyard Stars","28"
"1355","BEAT PRISONER","28"
"1356","beatAffection","28"
"1357","Bow shock!!","28"
"1358","Calvados Queen","28"
"1359","Change Yourself","28"
"1360","Crank It","28"
"1361","Dans la nuit de l’éternité","28"
"1362","Do What You Want","28"
"1363","Double Dribble","28"
"1364","Drop It","28"
"1365","Duration","28"
"1366","EROICA","28"
"1367","Everlasting Message","28"
"1368","fairy cocktail","28"
"1369","Forgetting Machine","28"
"1370","Friction[!]Function","28"
"1371","GHOST","28"
"1372","GIGA VIOLATE","28"
"1373","Hold My Hand","28"
"1374","Horizons of Promise","28"
"1375","Hyper Drive feat. ぷにぷに電機","28"
"1376","If","28"
"1377","Inferno of Fomalhaut","28"
"1378","Infinity Mirror","28"
"1379","Into The Madness","28"
"1380","Jetcoaster Windy","28"
"1381","LASER CRUSTER (IGNITE REMIX)","28"
"1382","LIGHTNING STRIKES","28"
"1383","Like+it!","28"
"1384","Lords Of The Roundtable","28"
"1385","Lost Souls","28"
"1386","Megalara Garuda","28"
"1387","Mel","28"
"1388","Moving on","28"
"1389","Nasty Techniques","28"
"1390","NEWALONE","28"
"1391","ORCA","28"
"1392","OUTER PLANETS","28"
"1393","Override","28"
"1394","PHASE SHIFT MANEUVER","28"
"1395","Primitive Vibes","28"
"1396","Queen Kaguya","28"
"1397","Rainstorm","28"
"1398","Rave lithosphere","28"
"1399","Rave Patroller","28"
"1400","rough percussionythm","28"
"1401","S!ck (Nhato Remix)","28"
"1402","SCREW // owo // SCREW","28"
"1403","Shiva","28"
"1404","Silly Love","28"
"1405","Ska-sh All Neurons!!","28"
"1406","Smashing Wedge","28"
"1407","Sparkle Smilin’","28"
"1408","STOIC HYPOTHESIS","28"
"1409","Sugar Drippin’","28"
"1410","T-REX vs Velociraptor (In the Far east euphoria)","28"
"1411","take me higher","28"
"1412","TECHNO Style Essentials","28"
"1413","THE BRAVE MUST DIE","28"
"1414","THE F∀UST","28"
"1415","The Sky of Sadness","28"
"1416","Theory","28"
"1417","TRIUMPH","28"
"1418","UNITE THE HEART","28"
"1419","VALKYRIAS -英雄誕生-","28"
"1420","VIBRΛ","28"
"1421","Vinculum stellarum","28"
"1422","Virus Funk","28"
"1423","Volcanic Dragon","28"
"1424","Voo Doo Bamboleo","28"
"1425","Ypsilon","28"
"1426","27th style","28"
"1427","華麗なる大犬円舞曲","28"
"1428","がっつり陰キャ!? 怪盗いいんちょの億劫^^;","28"
"1429","狂水一華","28"
"1430","灼熱Beach Side Bunny (Masayoshi Iimori Remix)","28"
"1431","シャムシールの舞","28"
"1432","深淵に捧ぐレクイエム","28"
"1433","セピアの軌跡 ft. 天宮みや(少女フラクタル)","28"
"1434","眠りの国のステラ","28"
"1435","バッドエンド・シンドローム","28"
"1436","開きたまえ！Next stAge！","28"
"1437","ピアノ協奏曲第1番”蠍火” (BlackY Remix)","28"
"1438","曼荼羅恋々","28"
"1439","魅惑のYUMMYスイーツ","28"
"1440","ラブキラ☆スプラッシュ","28"
"1441","ランカーキラーガール","28"
"1442","錬成人間トリコロイダー","28"
"1443","ABSOLUTE (kors k Remix)","29"
"1444","Ah Hah Yeah","29"
"1445","AMRITA -不滅ノ花-","29"
"1446","apo:llioth","29"
"1447","As You Want","29"
"1448","ASIAN VIRTUAL REALITIES (MELTING TOGETHER IN DAZZLING DARKNESS)","29"
"1449","BEMANI PRO LEAGUE Theme","29"
"1450","BIGソムタム","29"
"1451","BLACK or WHITE?","29"
"1452","Brahma","29"
"1453","Breakin’ Rules","29"
"1454","Burning Flame","29"
"1455","Chewingood!!!","29"
"1456","CONNECT-","29"
"1457","COSMIC RAY","29"
"1458","Crazy Jackpot","29"
"1459","Danza Aestas","29"
"1460","Dawn Saga","29"
"1461","DENIM","29"
"1462","Don’t Stop The Music feat. Kanae Asaba","29"
"1463","DUAL STRIKER","29"
"1464","Empire of Fury","29"
"1465","Euphoric Lagoon","29"
"1466","Explorer feat. ぷにぷに電機","29"
"1467","Farewell to Marrakech","29"
"1468","Fire Beat","29"
"1469","Frisk And Squeak","29"
"1470","GIGA RAID","29"
"1471","Globe Glitter","29"
"1472","HIGH VOLTAGE","29"
"1473","Ignis†Iræ","29"
"1474","innocent revolver","29"
"1475","Jungle Eater","29"
"1476","LAST DAY","29"
"1477","Level 3","29"
"1478","LIKE A VAMPIRE","29"
"1479","LOCUS OF THE TRAVEL","29"
"1480","Lovely Howdy Cowboy!!","29"
"1481","MA・TSU・RI","29"
"1482","Mars beach","29"
"1483","MEGAERA","29"
"1484","Midnight Drive","29"
"1485","MOVE! (We Keep It Movin’)","29"
"1486","Neo Heritage","29"
"1487","Ocean Blue feat. Luschel","29"
"1488","of the first magnitude","29"
"1489","OTOKOZAKA","29"
"1490","Overslept","29"
"1491","Para siempre","29"
"1492","Party Starter","29"
"1493","Pārvatī","29"
"1494","Playball","29"
"1495","POLꓘAMAИIA","29"
"1496","Ritual of Anubis","29"
"1497","rommmo","29"
"1498","Rosa azuL","29"
"1499","Rowdy","29"
"1500","Rub-a Dub-a","29"
"1501","Rubrum Piano","29"
"1502","S-Bahn","29"
"1503","Scandal","29"
"1504","Sinus Iridum","29"
"1505","smooooch・∀・ (Snail’s House Remix)","29"
"1506","SOLID STATE SQUAD -RISEN RELIC REMIX-","29"
"1507","Sugarplum","29"
"1508","Swarm Of Scarabs","29"
"1509","Tell me what you wish feat.らっぷびと","29"
"1510","That Feeling","29"
"1511","THE PEERLESS UNDER HEAVEN","29"
"1512","Tiempo Loco","29"
"1513","Viridian","29"
"1514","Vitrum","29"
"1515","WAKE UP NOW","29"
"1516","When I Met U","29"
"1517","Winner’s Proof ft. KANASA from bless4","29"
"1518","X-ray binary","29"
"1519","Zenith","29"
"1520","犬に雨傘","29"
"1521","閠槞彁の願い","29"
"1522","ここからよろしく大作戦143","29"
"1523","スーパー戦湯ババンバーン","29"
"1524","水鏡の異界","29"
"1525","世界の果てに約束の凱歌を -ReUnion-","29"
"1526","∀","29"
"1527","ディスコルディア","29"
"1528","涙のテ・エストラーニョ・ムーチョ","29"
"1529","儚き恋の華","29"
"1530","バッド・スイーツ、バッド・ドリーム","29"
"1531","二人ノ廃城幽踊宴","29"
"1532","-65℃","29"
"1533","魔法のかくれんぼ","29"
"1534","水無月の雫 ft. 小林まな","29"
"1535","無意識のフィロソフィア","29"
"1536","霧幻メモリア","29"
"1537","乱膳の舞姫","29"
"1538","ABSOLUTE EVIL","30"
"1539","Aftermath","30"
"1540","ALTERNATOR","30"
"1541","AMICABLE","30"
"1542","ANEMONE","30"
"1543","Angel’s Ladder","30"
"1544","Ariah","30"
"1545","Arkadia","30"
"1546","Banger Banger Banger Banger","30"
"1547","Binary Black Hole","30"
"1548","Blue Bird feat. Kanae Asaba","30"
"1549","Brave Spirits","30"
"1550","DISPARATE","30"
"1551","Divine Heaven","30"
"1552","Don’t believe the hype","30"
"1553","DREAM OF SPACE UFO ABDUCTION","30"
"1554","Emera","30"
"1555","EMOTiON TRiPPER","30"
"1556","Ergosphere","30"
"1557","Fantastic Merry-Go-Round","30"
"1558","Fegrix","30"
"1559","FINALLY BLAZE","30"
"1560","Flying Castle","30"
"1561","Game Changers","30"
"1562","Get set, Go! feat.Kanae Asaba","30"
"1563","GiGaGaHell","30"
"1564","hard-wired","30"
"1565","Hat Surprise","30"
"1566","HEARTACHE","30"
"1567","ILAYZA","30"
"1568","kors k’s How to make OTOGE CORE","30"
"1569","Lawes’s Parotia","30"
"1570","Legendary Treasures","30"
"1571","LIVE DRIVING!! feat. 花たん","30"
"1572","N.O.","30"
"1573","n/a","30"
"1574","No Day But Today!","30"
"1575","Nocturnal 2097","30"
"1576","Non Stop Rock","30"
"1577","One for All","30"
"1578","Onyx","30"
"1579","P.O.W.E.R.","30"
"1580","PIRATES BLADE","30"
"1581","PLASMA SOUL NIGHT feat. Nana Takahashi / 709sec.","30"
"1582","Pout","30"
"1583","Prohibited Props","30"
"1584","Purple Perplex","30"
"1585","RAGE feat.H14 of LEONAIR","30"
"1586","Silver Bullet","30"
"1587","Skreaming for Salvation","30"
"1588","SOLID WYVERN","30"
"1589","Souhait bleu","30"
"1590","SPARK IN THE NIGHT","30"
"1591","Stepper","30"
"1592","Tail Lights","30"
"1593","TOMAHAWK","30"
"1594","Triple Cross","30"
"1595","Ventriloquist","30"
"1596","Victory Of Ravers","30"
"1597","Votania Beat","30"
"1598","WHA","30"
"1599","Wonderful Escape","30"
"1600","Xyndrome","30"
"1601","10000 MILES AWAY","30"
"1602","2 Beasts Unchained","30"
"1603","808monkey","30"
"1604","青の洞窟","30"
"1605","アクマフカ","30"
"1606","天邪鬼","30"
"1607","愛しくてラヴィンユー ft. マナ","30"
"1608","ウツシミウツシ","30"
"1609","オールトの雲","30"
"1610","黒紅掬い","30"
"1611","《GRANDMASTER》","30"
"1612","逆月","30"
"1613","月とミルク","30"
"1614","ナイトフィクション","30"
"1615","ハイテックトキオ","30"
"1616","ピアノ独奏無言歌 ”灰燼”","30"
"1617","烽火連天の刃","30"
"1618","禊","30"
"1619","めでてえ","30"
"1620","Always We Trust In You","31"
"1621","Ambush Ace","31"
"1622","AWA AWA","31"
"1623","B.O.D.Y.","31"
"1624","Bad Encryption","31"
"1625","Beyond Evolution","31"
"1626","BIGWAVERS","31"
"1627","C-C-C-N-N-N","31"
"1628","Caldwell 99","31"
"1629","Chaotoxin","31"
"1630","CUE CUE RESCUE","31"
"1631","DIAMOND JACKAL","31"
"1632","Dreaming Dream","31"
"1633","Driver","31"
"1634","EXODUS SIGN","31"
"1635","Fading Stars","31"
"1636","FLARE -炎舞- ft.Nana Takahashi","31"
"1637","Get On Your Feet","31"
"1638","GET UP AGAIN","31"
"1639","Hat Surprise (Season 2)","31"
"1640","I","31"
"1641","kors k’s How to make OTOGE CORE 「LONG」","31"
"1642","LADS","31"
"1643","LOUDER ROLLING THUNDER","31"
"1644","Luna Plena","31"
"1645","mathematical good-bye","31"
"1646","MAX 360","31"
"1647","Meissa","31"
"1648","Move UR Body","31"
"1649","Next Level","31"
"1650","No Border","31"
"1651","ONE AND ONLY","31"
"1652","OVER VOLTAGE","31"
"1653","Peaktime Booster","31"
"1654","Peng-Ging Sky High!!","31"
"1655","Perfect Plan","31"
"1656","Programmed Genom","31"
"1657","Red Soul","31"
"1658","Rewind Time","31"
"1659","RINИE","31"
"1660","Ruler or Loser","31"
"1661","Seraph","31"
"1662","Shadow World","31"
"1663","Shamshir","31"
"1664","Somnidiscotheque","31"
"1665","STAR BEAT","31"
"1666","STRAIGHT TO THE STARS","31"
"1667","Stylus","31"
"1668","Summerblue","31"
"1669","Sunny Day Vibes","31"
"1670","Super Freak","31"
"1671","suspicions","31"
"1672","Swing My Wonderland","31"
"1673","TECHNOPHOBIA","31"
"1674","The Clown of 24stairs","31"
"1675","THE TIME MACHINE","31"
"1676","VØID","31"
"1677","VOLAQUAS","31"
"1678","VOLCANIC BIGBEAT","31"
"1679","wanna be a ”BAD GIRL” feat. Nana Takahashi","31"
"1680","Xerulean","31"
"1681","ZEИITH","31"
"1682","3V0","31"
"1683","7 Colors","31"
"1684","[ ]DENTITY","31"
"1685","雨のちパノラマセカイ","31"
"1686","あるビー！ feat.ころねぽち","31"
"1687","栄冠のカンパネラ","31"
"1688","《ORDERBREAKER》","31"
"1689","Ōu Legends","31"
"1690","神のシナリオ","31"
"1691","#CMFLG","31"
"1692","きゅんです。","31"
"1693","響花水月","31"
"1694","昏き甲鉄のヴェルガ","31"
"1695","■□模様","31"
"1696","サヨナラ・ヘヴン-Celtic Chip Dance Mix-","31"
"1697","≡+≡","31"
"1698","罪過の聖堂","31"
"1699","湘南ロンリーMIDNIGHT RAIN","31"
"1700","ぞうしょく！？マイデンティティ","31"
"1701","ちょえちょえまぎか","31"
"1702","月と夢の跡 ft. マナ","31"
"1703","儚キ戀ノ幻想譚","31"
"1704","パーフェクトイーター","31"
"1705","真夜中のバベル","31"
"1706","楽園追放","31"
"1707","輪廻の鴉","31"
"1708","恋愛＝精度×認識力","31"
"1709","惑星☆ロリポップ","31"
"1710","ACTØ","32"
"1711","Aeterna","32"
"1712","Akatsuki","32"
"1713","Amethyst","32"
"1714","Bitter & Lucky","32"
"1715","CADENZA","32"
"1716","Chemical Colours","32"
"1717","COUNTING SHEEP ft. Kanae Asaba","32"
"1718","Cult Invitation","32"
"1719","Dahlia","32"
"1720","DAZZLE ATTACK","32"
"1721","Deep Sea Mystery","32"
"1722","Demon March","32"
"1723","Echoes of Sunfall","32"
"1724","frequent","32"
"1725","Get Higher","32"
"1726","Get Wicked","32"
"1727","Ghost Pulse","32"
"1728","Glitch N Ride","32"
"1729","GloriosA","32"
"1730","GLORIOUS HAMMER","32"
"1731","Hard Breaker","32"
"1732","Hat Surprise (Season 3)","32"
"1733","i-ii","32"
"1734","INHERITANCE","32"
"1735","Iris","32"
"1736","Jumper","32"
"1737","Just Gimme","32"
"1738","JUSTICE/GUILTY feat. Nana Takahashi & 709sec.","32"
"1739","MAXIMUM CHEAT GIRL","32"
"1740","Million Dollar","32"
"1741","Monkey Business","32"
"1742","Mukade","32"
"1743","My Sweet Bird?","32"
"1744","NEEDLESS MY LOVE FOR YOU","32"
"1745","Out of Control","32"
"1746","out of disk space","32"
"1747","PILGRIM","32"
"1748","Psychedelic Intelligence","32"
"1749","Red Determination","32"
"1750","Resonant","32"
"1751","Shapeshifter","32"
"1752","Sirius","32"
"1753","SOLAR ECLIPSE","32"
"1754","So What","32"
"1755","Speculation","32"
"1756","Submerge Serenade","32"
"1757","Sword of Vengeance","32"
"1758","The Last Apocalypse","32"
"1759","This Is Club Musik feat. 大久保紅葉","32"
"1760","Time Distortion pt.2(IIDX Edit)","32"
"1761","TITANIUM RIDERS","32"
"1762","TRIP THE DEEP","32"
"1763","Tripping Jumping","32"
"1764","Vermilion Carol","32"
"1765","Vulnerability","32"
"1766","WaterCube Pf.(RX-Ver.S.P.L.)","32"
"1767","winkle 2 winkle","32"
"1768","Xb10r","32"
"1769","ZEROIN ON THE LIGHT","32"
"1770","20XX","32"
"1771","アタシ完全絶対正義ちゃん！","32"
"1772","神様、つれない。","32"
"1773","今宵、ロマンス横丁。","32"
"1774","灼熱Beach Side Bunny (かめりあ’s ”Summertime D’n’B” Remix)","32"
"1775","終焔のClaudia","32"
"1776","シンデレラ","32"
"1777","センチメンタル・サマー","32"
"1778","電光","32"
"1779","電子になりたい","32"
"1780","電腦都市","32"
"1781","ないないルーティン","32"
"1782","夏風邪デスコ","32"
"1783","果たせぬ約束 ft. 小林マナ","32"
"1784","《PL|RAYER》","32"
"1785","摩天楼","32"
"1786","夢縁","32"
"1787","流桜ノ門","32"
"1788","れとりば！","32"
"1789","惑星鉄道","32"
"1790","ADAMANT","33"
"1791","Aqvion","33"
"1792","Bang-Boo Bumble","33"
"1793","Bring The Fire","33"
"1794","Butterfly Twist","33"
"1795","CHAOTIC SUNBIRD","33"
"1796","Chasing After YOU ～夢の欠片～ ft. 小林マナ","33"
"1797","Constellation","33"
"1798","COSMIC V3LOCITY","33"
"1799","destination","33"
"1800","Digital Radiance","33"
"1801","DIVINE JUDGEMENT","33"
"1802","Dreamship","33"
"1803","Drop Syndicate","33"
"1804","Eleanor","33"
"1805","ELYSIUM","33"
"1806","everlastingeuphoria:","33"
"1807","EX-MASSIVE FIGHTER","33"
"1808","EYE OF THE HEAVEN","33"
"1809","FERMI♡PARADOX","33"
"1810","Fiery Stallion","33"
"1811","Flämingo","33"
"1812","FlyAway","33"
"1813","Galaxy Collapse","33"
"1814","get set mind","33"
"1815","God Mind","33"
"1816","Here We Go Now","33"
"1817","hora de verdad","33"
"1818","IN BETWEEN","33"
"1819","KOTONOHA ft. Kotoha","33"
"1820","lowercase lifetime","33"
"1821","MARLIN","33"
"1822","Mighty Cutie","33"
"1823","MVP","33"
"1824","NOIXIA","33"
"1825","Pinky Happy Crazy","33"
"1826","PIT A PAT","33"
"1827","PopなEDEN","33"
"1828","Raspberry Potion (feat.あれたん♡ & ぎゃるのしん☆)","33"
"1829","RAVE SYNDROME","33"
"1830","Roar of Chronos","33"
"1831","Satellite Burst","33"
"1832","Secret Rouge","33"
"1833","Shirdal","33"
"1834","Show Me All Your Love","33"
"1835","SISYPHUS","33"
"1836","Skratch Education Lv-1","33"
"1837","Slumber☆Party","33"
"1838","Space In Time","33"
"1839","Stargazing Trip ～星 探す旅～ ft. 小林マナ","33"
"1840","SμG@R RU$#","33"
"1841","TECHNO RUMBLE","33"
"1842","u gotta beat","33"
"1843","Uaigh Gealaí","33"
"1844","Vibing! Shake it!","33"
"1845","Without Heaven","33"
"1846","XHRONOXAPSULΞ","33"
"1847","アラビアン ハイパー ナイト","33"
"1848","オッド♡ラヴィ","33"
"1849","きみのせかい","33"
"1850","最強頂戴girl♡","33"
"1851","灼熱 Lost Summer Dayz","33"
"1852","消極的セツナイズム","33"
"1853","スキッテイエェエエェ!!!!","33"
"1854","スパークリング☆彡ハイパーチューン！！","33"
"1855","断罪の一花","33"
"1856","天使のカンタータ -Cantata of Angels-","33"
"1857","ドリムチウ","33"
"1858","爆ぜりゃんせ","33"
"1859","ＰＡＳＴＥＬＩＳＭ","33"
"1860","ハルイロメロディー","33"
"1861","ファイナルレター","33"
"1862","無双","33"
"1863","Astra Blaze","34"
"1864","blue anthem","34"
"1865","COLOR BURST","34"
"1866","ESPRIT ONE","34"
"1867","Get Into The Groove feat.WaMi","34"
"1868","GO!","34"
"1869","HORIZON BEATZ","34"
"1870","King of Tribe","34"
"1871","Meteor☆Shower","34"
"1872","Mighty Beat Monsterz","34"
"1873","RIZING-GAMERS.","34"
"1874","Shooting Star","34"
"1875","SILKY BRAVE","34"
"1876","Substance","34"
"1877","THUNDERSTRIKE","34"
"1878","Wizards!","34"
"1879","鏡像都市","34"
"1880","百恋ラブラスター","34"
"1881","メテオラ-meteor-","34"